0,621876455476,"Hello everyone!",uploads/621876455476/b36010fh4kgjjb348f7k.jpg,78901613438,public,"16-05-2022 03:32:44"
1,621876455476,"Hehe :))",uploads/621876455476/if85hbi0bic9617fgb42.jpg,24286305702976,public,"16-05-2022 03:33:13"
2,621876455476,"hửm ",uploads/621876455476/3fcej0cd3ak0di13604c.jpg,549864470674014,internal,"16-05-2022 03:34:25"
3,621876455476,"Missing u",uploads/621876455476/cd00j6f6g0jdbfg7e83d.jpg,9011196335856,private,"16-05-2022 03:38:44"
4,621876455476,"Game là dễ :))",,966785,public,"16-05-2022 07:17:08"
5,621876455476,Hello,,16521423774344825,public,"16-05-2022 07:17:26"
6,77715195705,jhgvfhjhjvjhfhj,,64304337932477,public,"16-05-2022 07:20:01"
7,77715195705,"An love ngoc 123",,8653970758307089,public,"16-05-2022 07:20:08"
8,77715195705,"Duong Vu Thanh Ngoc",,137085497805157,public,"16-05-2022 07:20:20"
9,839335984306,"dang bai",,4f21i3ch69e349k9fibg,public,"17-05-2022 15:31:50"
