0,208086053135993,uploads/208086053135993/d7614bh4ih8d6h9j6d1e.jpg,0ij18cdff0id0fch5d88,"16-05-2022 07:21:57"
1,208086053135993,uploads/208086053135993/409c9aef393bcjag0k4b.jpg,e5jeek1e7e4ai4kj60a3,"16-05-2022 07:23:07"
2,208086053135993,uploads/208086053135993/g60b2g66gaffi102g8ae.jpg,d8789hg4bf897e6jfhh1,"16-05-2022 07:23:47"
3,208086053135993,uploads/208086053135993/h12hbj6377f8d4b3gcb9,32hiik0d8afjcb7g73ik,"16-05-2022 07:24:27"
4,208086053135993,uploads/208086053135993/1gh0047f5ag1cbi41bd1,h8f7jd8ia0hb2k3k0g8d,"16-05-2022 07:28:09"
5,208086053135993,uploads/208086053135993/d23aa626j0j0539e856d,4j6ic061560bjfg869ee,"16-05-2022 07:29:48"
6,208086053135993,uploads/208086053135993/7fka49h71bj7cbag35ib.png,bk8f26gd26ahk5g0j02g,"16-05-2022 07:30:28"
7,208086053135993,uploads/208086053135993/87e734192afjcg1e0ji9.gif,ha83d361cege9bhddbfg,"16-05-2022 07:31:27"
8,208086053135993,uploads/208086053135993/dh48dcb4f136h1bi90e9.jpg,22i41f24gecghiibgbg5,"16-05-2022 07:31:48"
9,208086053135993,uploads/208086053135993/a45k83e609a084d333i2.png,e787598hj8222j87291i,"16-05-2022 07:34:02"
10,208086053135993,uploads/208086053135993/974262946h498k3f2a28.png,bb5fb2454i8fji8f6kch,"16-05-2022 07:42:36"
11,7227317382852858332,uploads/7227317382852858332/i1e8ieedeea0095kjcji.png,5af7d9c840kc63cd060g,"16-05-2022 08:10:30"
12,7227317382852858332,uploads/7227317382852858332/21ckfgcjkd2ic043jek4.png,h73ibf8097h668fheb49,"16-05-2022 08:19:01"
13,7227317382852858332,uploads/7227317382852858332/5i38g979g7fkdbie2017.jpg,7ki382fefg0kbiiid411,"16-05-2022 08:19:21"
14,7227317382852858332,uploads/7227317382852858332/76e2di493aka8bfhe060.gif,jf23h44gjd7dgkj4h50a,"16-05-2022 08:26:32"
